,age,fnlwgt,education-num,capitalgain,capitalloss,hoursperweek
count,45222.0,45222.0,45222.0,45222.0,45222.0,45222.0
mean,1.7695369510415284,189734.7343107337,10.118460041572686,0.20505506169563487,0.1165583123258591,1.98805890938039
std,1.266784781771372,105639.19513422118,2.5528811950758743,0.7561768730118918,0.5605390667662566,0.8752176175356808
min,0.0,13492.0,1.0,0.0,0.0,0.0
25%,1.0,117388.25,9.0,0.0,0.0,2.0
50%,2.0,178316.0,10.0,0.0,0.0,2.0
75%,3.0,237926.0,13.0,0.0,0.0,2.0
max,4.0,1490400.0,16.0,4.0,4.0,4.0
