,sex,age,age_cat,race,juv_fel_count,juv_misd_count,juv_other_count,priors_count,days_b_screening_arrest,c_days_from_compas,c_charge_degree,decile_score.1,score_text,v_type_of_assessment,v_decile_score,v_score_text,end,is_recid
count,16644.0,16644.0,16644.0,16644.0,16644.0,16644.0,16644.0,16644.0,16644.0,16644.0,16644.0,16644.0,16644.0,16644.0,16644.0,16644.0,16644.0,16644.0
mean,0.8177721701514059,33.7980653689017,0.6657053592886325,1.13746695505888,0.08261235279980773,0.10442201393895698,0.13151886565729393,4.162761355443403,4.500180245133381,42.42664023071377,4.167207402066811,4.071316991107906,1.0242129295842346,0.0,3.074200913242009,1.1308579668348955,612.7278298485941,-0.5
std,0.3860437822874105,11.529090343760528,0.8338503536308612,1.3877403234615364,0.48267515559462143,0.532798248334878,0.526706985845131,5.412160258990508,81.22079081065775,265.79496717462564,2.0907383368679344,2.9284806166472483,0.734520694525776,0.0,2.617810703052099,0.6167654727647588,336.6562059632826,0.5000150211046555
min,0.0,18.0,0.0,0.0,0.0,0.0,0.0,0.0,-597.0,0.0,0.0,0.0,0.0,0.0,0.0,0.0,0.0,-1.0
25%,1.0,25.0,0.0,0.0,0.0,0.0,0.0,1.0,-1.0,1.0,3.0,1.0,0.0,0.0,1.0,1.0,338.0,-1.0
50%,1.0,30.0,0.0,0.0,0.0,0.0,0.0,2.0,-1.0,1.0,3.0,4.0,1.0,0.0,3.0,1.0,619.0,-0.5
75%,1.0,41.0,1.0,2.0,0.0,0.0,0.0,6.0,0.0,2.0,7.0,7.0,2.0,0.0,5.0,2.0,884.0,0.0
max,1.0,96.0,2.0,5.0,20.0,13.0,11.0,43.0,1057.0,9485.0,12.0,9.0,2.0,0.0,9.0,2.0,1187.0,0.0
