,duration,credit_amount,installment_commitment,residence_since,age,existing_credits,num_dependents
count,1000.0,1000.0,1000.0,1000.0,1000.0,1000.0,1000.0
mean,20.903,3271.258,2.973,2.845,35.546,1.407,1.155
std,12.058814452756375,2822.7368759604406,1.1187146743126786,1.1037178956568536,11.375468574317512,0.5776544682461002,0.36208577175319395
min,4.0,250.0,1.0,1.0,19.0,1.0,1.0
25%,12.0,1365.5,2.0,2.0,27.0,1.0,1.0
50%,18.0,2319.5,3.0,3.0,33.0,1.0,1.0
75%,24.0,3972.25,4.0,4.0,42.0,2.0,1.0
max,72.0,18424.0,4.0,4.0,75.0,4.0,2.0
